timestamp,pose_id,left_knee_angle,right_knee_angle,pose_status
2025-04-09 00:05:31,2,177.9900397032236,173.91811262006857,Incorrect Sit Up or No Sit Up
2025-04-09 00:05:31,2,176.5504626508529,174.93912959867376,Incorrect Sit Up or No Sit Up
2025-04-09 00:05:31,2,,,No Pose Detected
2025-04-09 00:05:31,2,,,No Pose Detected
2025-04-09 00:05:31,2,,,No Pose Detected
2025-04-09 00:05:31,2,,,No Pose Detected
2025-04-09 00:05:31,2,,,No Pose Detected
2025-04-09 00:05:31,2,,,No Pose Detected
2025-04-09 00:05:31,2,,,No Pose Detected
2025-04-09 00:05:31,2,,,No Pose Detected
2025-04-09 00:05:31,2,,,No Pose Detected
2025-04-09 00:05:31,2,,,No Pose Detected
2025-04-09 00:05:31,2,,,No Pose Detected
2025-04-09 00:05:31,2,,,No Pose Detected
2025-04-09 00:05:32,2,,,No Pose Detected
2025-04-09 00:05:32,2,,,No Pose Detected
2025-04-09 00:05:32,2,,,No Pose Detected
2025-04-09 00:05:32,2,,,No Pose Detected
2025-04-09 00:05:32,2,,,No Pose Detected
2025-04-09 00:05:32,2,,,No Pose Detected
2025-04-09 00:05:32,2,,,No Pose Detected
2025-04-09 00:05:32,2,,,No Pose Detected
2025-04-09 00:05:32,2,,,No Pose Detected
2025-04-09 00:05:32,2,,,No Pose Detected
2025-04-09 00:05:32,2,,,No Pose Detected
2025-04-09 00:05:32,2,,,No Pose Detected
2025-04-09 00:05:32,2,,,No Pose Detected
2025-04-09 00:05:32,2,,,No Pose Detected
2025-04-09 00:05:32,2,,,No Pose Detected
2025-04-09 00:05:32,2,,,No Pose Detected
2025-04-09 00:05:32,2,,,No Pose Detected
2025-04-09 00:05:32,2,,,No Pose Detected
2025-04-09 00:05:33,2,,,No Pose Detected
2025-04-09 00:05:33,2,,,No Pose Detected
2025-04-09 00:05:33,2,,,No Pose Detected
2025-04-09 00:05:33,2,,,No Pose Detected
2025-04-09 00:05:33,2,,,No Pose Detected
2025-04-09 00:05:33,2,,,No Pose Detected
2025-04-09 00:05:33,2,,,No Pose Detected
2025-04-09 00:05:33,2,,,No Pose Detected
2025-04-09 00:05:33,2,,,No Pose Detected
2025-04-09 00:05:33,2,,,No Pose Detected
2025-04-09 00:05:33,2,,,No Pose Detected
2025-04-09 00:05:33,2,,,No Pose Detected
2025-04-09 00:05:33,2,,,No Pose Detected
2025-04-09 00:05:33,2,,,No Pose Detected
2025-04-09 00:05:33,2,,,No Pose Detected
2025-04-09 00:05:33,2,,,No Pose Detected
2025-04-09 00:05:33,2,,,No Pose Detected
2025-04-09 00:05:33,2,,,No Pose Detected
2025-04-09 00:05:33,2,,,No Pose Detected
2025-04-09 00:05:33,2,,,No Pose Detected
2025-04-09 00:05:33,2,152.1808690875026,156.60456194751183,Incorrect Sit Up or No Sit Up
2025-04-09 00:05:34,2,54.24589105158701,172.9960044138033,Incorrect Sit Up or No Sit Up
2025-04-09 00:05:34,2,158.12234551989604,175.73004062227332,Incorrect Sit Up or No Sit Up
2025-04-09 00:05:34,2,,,No Pose Detected
2025-04-09 00:05:34,2,,,No Pose Detected
2025-04-09 00:05:34,2,,,No Pose Detected
2025-04-09 00:05:34,2,,,No Pose Detected
2025-04-09 00:05:34,2,,,No Pose Detected
2025-04-09 00:05:34,2,,,No Pose Detected
2025-04-09 00:05:34,2,,,No Pose Detected
2025-04-09 00:05:34,2,,,No Pose Detected
2025-04-09 00:05:34,2,,,No Pose Detected
2025-04-09 00:05:34,2,178.6003484733961,177.26450976147203,Incorrect Sit Up or No Sit Up
2025-04-09 00:05:34,2,,,No Pose Detected
2025-04-09 00:05:34,2,16.763823091545373,41.077502196905726,Sit up Detected: Correct
2025-04-09 00:05:34,2,13.181722442472976,29.813691226403833,Sit up Detected: Correct
2025-04-09 00:05:34,2,1.7866904839618072,20.12577039133317,Sit up Detected: Correct
2025-04-09 00:05:34,2,13.213546002220124,36.05870388682979,Sit up Detected: Correct
2025-04-09 00:05:34,2,,,No Pose Detected
2025-04-09 00:05:34,2,,,No Pose Detected
2025-04-09 00:05:34,2,,,No Pose Detected
2025-04-09 00:05:35,2,,,No Pose Detected
2025-04-09 00:05:35,2,,,No Pose Detected
2025-04-09 00:05:35,2,,,No Pose Detected
2025-04-09 00:05:35,2,,,No Pose Detected
2025-04-09 00:05:35,2,,,No Pose Detected
2025-04-09 00:05:35,2,,,No Pose Detected
2025-04-09 00:05:35,2,125.49403185491639,174.93183175902232,Incorrect Sit Up or No Sit Up
2025-04-09 00:05:35,2,151.39607208288197,175.4191699000471,Incorrect Sit Up or No Sit Up
2025-04-09 00:05:35,2,137.99088781937505,177.71557302284535,Incorrect Sit Up or No Sit Up
2025-04-09 00:05:35,2,110.68289357775123,177.91018474654666,Incorrect Sit Up or No Sit Up
2025-04-09 00:05:35,2,89.90868154718214,137.70144038325614,Incorrect Sit Up or No Sit Up
2025-04-09 00:05:35,2,74.10224339921314,152.13928288124026,Incorrect Sit Up or No Sit Up
2025-04-09 00:05:35,2,72.14913206423626,162.79812306297038,Incorrect Sit Up or No Sit Up
2025-04-09 00:05:35,2,80.48113174827608,164.79710174215083,Incorrect Sit Up or No Sit Up
2025-04-09 00:05:35,2,70.17937563337927,175.0686549067675,Incorrect Sit Up or No Sit Up
2025-04-09 00:05:35,2,68.74904976042302,175.61333702793192,Incorrect Sit Up or No Sit Up
2025-04-09 00:05:35,2,80.20652368655124,154.12939593107697,Incorrect Sit Up or No Sit Up
2025-04-09 00:05:35,2,77.97534352031585,146.2562621922473,Incorrect Sit Up or No Sit Up
2025-04-09 00:05:35,2,69.06752347156765,140.30595840080227,Incorrect Sit Up or No Sit Up
2025-04-09 00:05:35,2,66.99532597061443,128.19640422924655,Incorrect Sit Up or No Sit Up
2025-04-09 00:05:35,2,81.21703480361577,130.14424670388817,Incorrect Sit Up or No Sit Up
2025-04-09 00:05:36,2,85.41108651239409,125.50446798207616,Incorrect Sit Up or No Sit Up
2025-04-09 00:05:36,2,82.02511511675118,115.5257021761393,Incorrect Sit Up or No Sit Up
2025-04-09 00:05:36,2,76.87803960178428,117.57143183209493,Incorrect Sit Up or No Sit Up
2025-04-09 00:05:36,2,80.047990353194,119.89581668939891,Incorrect Sit Up or No Sit Up
2025-04-09 00:05:36,2,80.57526595211601,126.30927067674696,Incorrect Sit Up or No Sit Up
2025-04-09 00:05:36,2,83.19820762674675,125.07950061954605,Incorrect Sit Up or No Sit Up
2025-04-09 00:05:36,2,77.35476168397133,129.76803621431262,Incorrect Sit Up or No Sit Up
2025-04-09 00:05:36,2,81.61968198003859,137.5097831944045,Incorrect Sit Up or No Sit Up
2025-04-09 00:05:36,2,83.19801156502058,132.71192001004772,Incorrect Sit Up or No Sit Up
2025-04-09 00:05:36,2,76.98609907591867,145.90709728384448,Incorrect Sit Up or No Sit Up
2025-04-09 00:05:36,2,72.8971762468214,154.69868356920102,Incorrect Sit Up or No Sit Up
2025-04-09 00:05:36,2,74.9133135188116,157.8804273052297,Incorrect Sit Up or No Sit Up
2025-04-09 00:05:36,2,76.72772876672127,150.72848339739056,Incorrect Sit Up or No Sit Up
2025-04-09 00:05:36,2,76.29953717529713,142.81588666933578,Incorrect Sit Up or No Sit Up
2025-04-09 00:05:36,2,73.96268662815169,143.16029629172226,Incorrect Sit Up or No Sit Up
2025-04-09 00:05:36,2,72.33020053875043,136.032220853063,Incorrect Sit Up or No Sit Up
2025-04-09 00:05:36,2,70.14592056364734,132.18653781518745,Incorrect Sit Up or No Sit Up
2025-04-09 00:05:36,2,71.58531255334486,143.8880474725591,Incorrect Sit Up or No Sit Up
2025-04-09 00:05:36,2,72.64798947284493,151.760816504646,Incorrect Sit Up or No Sit Up
2025-04-09 00:05:36,2,73.47413348602356,152.99124565211855,Incorrect Sit Up or No Sit Up
2025-04-09 00:05:36,2,73.47204824136281,155.26451892752024,Incorrect Sit Up or No Sit Up
2025-04-09 00:05:37,2,79.8908856004877,166.90168144134452,Incorrect Sit Up or No Sit Up
2025-04-09 00:05:37,2,78.70316955775343,169.31753083112318,Incorrect Sit Up or No Sit Up
2025-04-09 00:05:37,2,78.73715190360502,168.8812761515646,Incorrect Sit Up or No Sit Up
2025-04-09 00:05:37,2,84.95879707312542,164.3274436242903,Incorrect Sit Up or No Sit Up
2025-04-09 00:05:37,2,86.46837678626105,166.65499331814462,Incorrect Sit Up or No Sit Up
2025-04-09 00:05:37,2,90.01652355905281,171.28121562787052,Incorrect Sit Up or No Sit Up
2025-04-09 00:05:37,2,88.8885170626366,173.81188520227727,Incorrect Sit Up or No Sit Up
2025-04-09 00:05:37,2,90.04991525462731,172.72578458386124,Incorrect Sit Up or No Sit Up
2025-04-09 00:05:37,2,89.59765566481343,175.21095317629698,Incorrect Sit Up or No Sit Up
2025-04-09 00:05:37,2,93.66112491063785,174.43375424334582,Incorrect Sit Up or No Sit Up
2025-04-09 00:05:37,2,91.83452588543076,176.749410472243,Incorrect Sit Up or No Sit Up
2025-04-09 00:05:37,2,90.57255640854856,178.48184277643566,Incorrect Sit Up or No Sit Up
2025-04-09 00:05:37,2,90.78225685755336,178.2403033323204,Incorrect Sit Up or No Sit Up
2025-04-09 00:05:37,2,90.01034391950958,175.87245906137838,Incorrect Sit Up or No Sit Up
2025-04-09 00:05:37,2,84.00288489485905,172.94091089102037,Incorrect Sit Up or No Sit Up
2025-04-09 00:05:37,2,75.91190324000632,157.52057526074802,Incorrect Sit Up or No Sit Up
2025-04-09 00:05:37,2,79.39306327646818,159.35108442392914,Incorrect Sit Up or No Sit Up
2025-04-09 00:05:37,2,78.15882216720183,168.11805361564956,Incorrect Sit Up or No Sit Up
2025-04-09 00:05:37,2,66.60242265213856,113.8492216699446,Incorrect Sit Up or No Sit Up
2025-04-09 00:05:37,2,47.6364305061432,72.68200829407724,Incorrect Sit Up or No Sit Up
2025-04-09 00:05:37,2,41.73923004832869,53.708652081889724,Sit up Detected: Correct
2025-04-09 00:05:38,2,43.10373883083673,67.99974387243815,Sit up Detected: Correct
2025-04-09 00:05:38,2,44.368350561761645,73.14243497642116,Incorrect Sit Up or No Sit Up
2025-04-09 00:05:38,2,45.32304162363221,79.45915817466334,Incorrect Sit Up or No Sit Up
2025-04-09 00:05:38,2,43.47592750261248,80.48690159202545,Incorrect Sit Up or No Sit Up
2025-04-09 00:05:38,2,38.66639826005513,78.03726213815344,Incorrect Sit Up or No Sit Up
2025-04-09 00:05:38,2,41.01717642008168,91.28005405941359,Incorrect Sit Up or No Sit Up
2025-04-09 00:05:38,2,50.67681922483291,82.89846413988235,Incorrect Sit Up or No Sit Up
2025-04-09 00:05:38,2,56.85816120522804,72.5592602532281,Incorrect Sit Up or No Sit Up
2025-04-09 00:05:38,2,58.344365587366724,68.29813122566812,Sit up Detected: Correct
2025-04-09 00:05:38,2,56.587082569547306,62.88481600863639,Sit up Detected: Correct
2025-04-09 00:05:38,2,58.78938345913906,67.05281310944137,Sit up Detected: Correct
2025-04-09 00:05:38,2,44.798908633291205,66.63589657729882,Sit up Detected: Correct
2025-04-09 00:05:38,2,49.82424940902524,67.80887788003045,Sit up Detected: Correct
2025-04-09 00:05:38,2,51.148133504284885,67.80353794254553,Sit up Detected: Correct
2025-04-09 00:05:38,2,53.00724494260294,73.21394140230106,Incorrect Sit Up or No Sit Up
2025-04-09 00:05:38,2,56.15163462039226,72.94636267176432,Incorrect Sit Up or No Sit Up
2025-04-09 00:05:38,2,55.52652214711685,71.83761419965887,Incorrect Sit Up or No Sit Up
2025-04-09 00:05:38,2,58.48224942047955,74.51050844092256,Incorrect Sit Up or No Sit Up
2025-04-09 00:05:38,2,56.95061598572545,65.37874249858831,Sit up Detected: Correct
2025-04-09 00:05:38,2,55.619767787037404,59.42279823880995,Sit up Detected: Correct
2025-04-09 00:05:38,2,54.818966204339745,60.57085067715146,Sit up Detected: Correct
2025-04-09 00:05:38,2,55.60630148262317,63.80174135755176,Sit up Detected: Correct
2025-04-09 00:05:39,2,58.18686383674026,65.71882907290522,Sit up Detected: Correct
2025-04-09 00:05:39,2,59.380694257666676,66.12566130942255,Sit up Detected: Correct
2025-04-09 00:05:39,2,57.879349428775186,62.61891766131222,Sit up Detected: Correct
2025-04-09 00:05:39,2,57.678431115943795,62.14727207663961,Sit up Detected: Correct
2025-04-09 00:05:39,2,57.436198589832486,61.233146199913186,Sit up Detected: Correct
2025-04-09 00:05:39,2,57.455821750961775,61.899960030215226,Sit up Detected: Correct
2025-04-09 00:05:39,2,55.62479879383619,60.626214965367375,Sit up Detected: Correct
2025-04-09 00:05:39,2,52.45373161712496,57.42434160974441,Sit up Detected: Correct
2025-04-09 00:05:39,2,57.152492939921615,56.931098353255514,Sit up Detected: Correct
2025-04-09 00:05:39,2,57.43864675288063,57.80294722011552,Sit up Detected: Correct
2025-04-09 00:05:39,2,57.504009401892176,58.51597634228482,Sit up Detected: Correct
2025-04-09 00:05:39,2,57.83309624940864,58.47076363338931,Sit up Detected: Correct
2025-04-09 00:05:39,2,57.39156709106976,57.892832446017366,Sit up Detected: Correct
2025-04-09 00:05:39,2,55.3897722393005,55.66859030149279,Sit up Detected: Correct
2025-04-09 00:05:39,2,55.80571274422522,56.115932071947476,Sit up Detected: Correct
2025-04-09 00:05:39,2,56.060947204574916,56.30811353458819,Sit up Detected: Correct
2025-04-09 00:05:39,2,55.92412979391855,55.55147189047107,Sit up Detected: Correct
2025-04-09 00:05:39,2,56.612746676469385,57.72157392030256,Sit up Detected: Correct
2025-04-09 00:05:39,2,58.571434308941605,57.85632186065069,Sit up Detected: Correct
2025-04-09 00:05:39,2,52.82408679073569,62.990974600860426,Sit up Detected: Correct
2025-04-09 00:05:39,2,45.379235776131225,70.42116042571301,Incorrect Sit Up or No Sit Up
2025-04-09 00:05:39,2,44.318475056322086,93.08666897667476,Incorrect Sit Up or No Sit Up
2025-04-09 00:05:40,2,42.60719021025449,102.2361291417626,Incorrect Sit Up or No Sit Up
2025-04-09 00:05:40,2,41.55580005794178,125.68829767653301,Incorrect Sit Up or No Sit Up
2025-04-09 00:05:40,2,42.276664323409705,131.5600241979716,Incorrect Sit Up or No Sit Up
2025-04-09 00:05:40,2,42.63929328566553,135.47124160965643,Incorrect Sit Up or No Sit Up
2025-04-09 00:05:40,2,44.29207022168873,137.8670667828338,Incorrect Sit Up or No Sit Up
2025-04-09 00:05:40,2,44.87778945791541,130.38925247718785,Incorrect Sit Up or No Sit Up
2025-04-09 00:05:40,2,45.32335731667325,123.00431960738405,Incorrect Sit Up or No Sit Up
2025-04-09 00:05:40,2,45.60382634311554,115.57760262388155,Incorrect Sit Up or No Sit Up
2025-04-09 00:05:40,2,45.69741736648177,118.89186097217532,Incorrect Sit Up or No Sit Up
2025-04-09 00:05:40,2,42.426940818703144,102.28837925628055,Incorrect Sit Up or No Sit Up
2025-04-09 00:05:40,2,41.30304883748363,96.79443283088986,Incorrect Sit Up or No Sit Up
2025-04-09 00:05:40,2,42.754239999347305,98.17452877782254,Incorrect Sit Up or No Sit Up
2025-04-09 00:05:40,2,40.86951694386789,89.20335476452172,Incorrect Sit Up or No Sit Up
2025-04-09 00:05:40,2,39.8889548288123,80.96534185241954,Incorrect Sit Up or No Sit Up
2025-04-09 00:05:40,2,36.87926636594642,93.38978984836521,Incorrect Sit Up or No Sit Up
2025-04-09 00:05:40,2,41.823775039596114,107.49535584861405,Incorrect Sit Up or No Sit Up
2025-04-09 00:05:40,2,42.41480075806891,111.60670619469691,Incorrect Sit Up or No Sit Up
2025-04-09 00:05:40,2,38.92547797917996,113.88159249423258,Incorrect Sit Up or No Sit Up
2025-04-09 00:05:40,2,53.16364072793448,118.61025121209302,Incorrect Sit Up or No Sit Up
2025-04-09 00:05:40,2,51.175217697346454,116.53005490978742,Incorrect Sit Up or No Sit Up
2025-04-09 00:05:40,2,54.07757309119603,104.36257946874012,Incorrect Sit Up or No Sit Up
2025-04-09 00:05:41,2,59.355437132994666,104.17823433498914,Incorrect Sit Up or No Sit Up
2025-04-09 00:05:41,2,60.58002893652366,76.82376914107307,Incorrect Sit Up or No Sit Up
2025-04-09 00:05:41,2,60.68073564520546,81.0250295788895,Incorrect Sit Up or No Sit Up
2025-04-09 00:05:41,2,69.8401509781732,69.90713321387591,Sit up Detected: Correct
2025-04-09 00:05:41,2,72.28615935515677,75.35083374303541,Incorrect Sit Up or No Sit Up
2025-04-09 00:05:41,2,62.63994894983091,79.17341687021522,Incorrect Sit Up or No Sit Up
2025-04-09 00:05:41,2,64.0576199073904,71.91425756915582,Incorrect Sit Up or No Sit Up
2025-04-09 00:05:41,2,100.61975528420106,76.6460948502284,Incorrect Sit Up or No Sit Up
2025-04-09 00:05:41,2,92.41558078979705,75.05538953282644,Incorrect Sit Up or No Sit Up
2025-04-09 00:05:41,2,80.9900492558391,102.89648176052786,Incorrect Sit Up or No Sit Up
2025-04-09 00:05:41,2,41.63775337872539,102.31447328026265,Incorrect Sit Up or No Sit Up
2025-04-09 00:05:41,2,35.120777832413296,99.6320922790378,Incorrect Sit Up or No Sit Up
2025-04-09 00:05:41,2,33.60170902007201,99.59453935146918,Incorrect Sit Up or No Sit Up
2025-04-09 00:05:41,2,34.42703050747832,98.5035994238989,Incorrect Sit Up or No Sit Up
2025-04-09 00:05:41,2,33.293357429708294,102.41877407524875,Incorrect Sit Up or No Sit Up
2025-04-09 00:05:41,2,33.41178626265253,104.97112162573,Incorrect Sit Up or No Sit Up
2025-04-09 00:05:41,2,34.68766716986204,108.063596727417,Incorrect Sit Up or No Sit Up
2025-04-09 00:05:41,2,39.968752468634875,111.86300701563874,Incorrect Sit Up or No Sit Up
2025-04-09 00:05:41,2,48.87854511210401,123.85631255510293,Incorrect Sit Up or No Sit Up
2025-04-09 00:05:41,2,44.48760985530055,131.85379382751944,Incorrect Sit Up or No Sit Up
2025-04-09 00:05:41,2,44.45627557669229,131.04061445268172,Incorrect Sit Up or No Sit Up
2025-04-09 00:05:42,2,41.718607617637815,132.61292914923283,Incorrect Sit Up or No Sit Up
2025-04-09 00:05:42,2,39.78775962133233,133.110414694817,Incorrect Sit Up or No Sit Up
2025-04-09 00:05:42,2,38.96604271426469,127.92177960020726,Incorrect Sit Up or No Sit Up
2025-04-09 00:05:42,2,39.37244071212933,122.50851219487527,Incorrect Sit Up or No Sit Up
2025-04-09 00:05:42,2,38.6640545813292,32.749789904062965,Sit up Detected: Correct
2025-04-09 00:05:42,2,38.76394816520536,107.45724547477289,Incorrect Sit Up or No Sit Up
2025-04-09 00:05:42,2,41.04754536459109,65.57740723820231,Sit up Detected: Correct
2025-04-09 00:05:42,2,50.93867588566661,68.37559273527381,Sit up Detected: Correct
2025-04-09 00:05:42,2,64.38628216560556,89.16606580350904,Incorrect Sit Up or No Sit Up
2025-04-09 00:05:42,2,75.55441412026755,105.66352290241932,Incorrect Sit Up or No Sit Up
2025-04-09 00:05:42,2,69.46246947236568,115.31366662786424,Incorrect Sit Up or No Sit Up
2025-04-09 00:05:42,2,67.27522280582838,107.46735083511408,Incorrect Sit Up or No Sit Up
2025-04-09 00:05:42,2,62.52465359310747,109.60950430703598,Incorrect Sit Up or No Sit Up
2025-04-09 00:05:42,2,63.53268944393358,111.26027897125113,Incorrect Sit Up or No Sit Up
2025-04-09 00:05:42,2,63.44113961158922,119.6209455276706,Incorrect Sit Up or No Sit Up
2025-04-09 00:05:42,2,65.71345455840452,131.46541058208126,Incorrect Sit Up or No Sit Up
2025-04-09 00:05:42,2,67.09126603853991,134.34638348499175,Incorrect Sit Up or No Sit Up
2025-04-09 00:05:42,2,62.167495326759536,124.58928709961475,Incorrect Sit Up or No Sit Up
2025-04-09 00:05:42,2,60.0521962350536,120.4195912609256,Incorrect Sit Up or No Sit Up
2025-04-09 00:05:42,2,56.891076488174235,119.62549735922553,Incorrect Sit Up or No Sit Up
2025-04-09 00:05:42,2,55.06430442491774,116.0805219046344,Incorrect Sit Up or No Sit Up
2025-04-09 00:05:43,2,51.53905597945044,110.03643429040035,Incorrect Sit Up or No Sit Up
2025-04-09 00:05:43,2,51.658198555398315,110.8145809333716,Incorrect Sit Up or No Sit Up
2025-04-09 00:05:43,2,52.70125427609702,108.32646771659888,Incorrect Sit Up or No Sit Up
2025-04-09 00:05:43,2,53.495733627748564,111.80255223503718,Incorrect Sit Up or No Sit Up
2025-04-09 00:05:43,2,53.39710843224384,112.11182954590028,Incorrect Sit Up or No Sit Up
2025-04-09 00:05:43,2,53.327541022657954,111.5456696631291,Incorrect Sit Up or No Sit Up
2025-04-09 00:05:43,2,54.09159809917452,110.43249183736637,Incorrect Sit Up or No Sit Up
2025-04-09 00:05:43,2,56.158147200696874,114.0382870610224,Incorrect Sit Up or No Sit Up
2025-04-09 00:05:43,2,57.32406297604854,129.54323105142828,Incorrect Sit Up or No Sit Up
2025-04-09 00:05:43,2,59.2353373191815,138.5091718397394,Incorrect Sit Up or No Sit Up
2025-04-09 00:05:43,2,60.70858772268156,140.44892702372488,Incorrect Sit Up or No Sit Up
2025-04-09 00:05:43,2,61.11703721146705,139.1993120075008,Incorrect Sit Up or No Sit Up
2025-04-09 00:05:43,2,61.248530962710845,141.05188373686454,Incorrect Sit Up or No Sit Up
2025-04-09 00:05:43,2,61.32218635353263,141.85554315844547,Incorrect Sit Up or No Sit Up
2025-04-09 00:05:43,2,62.12310230274949,139.17087666825478,Incorrect Sit Up or No Sit Up
2025-04-09 00:05:43,2,60.309446164886765,134.77032759463285,Incorrect Sit Up or No Sit Up
2025-04-09 00:05:43,2,62.36409931864438,137.3022570708274,Incorrect Sit Up or No Sit Up
2025-04-09 00:05:43,2,59.57479499414171,134.35299427488854,Incorrect Sit Up or No Sit Up
2025-04-09 00:05:43,2,60.44699311697394,132.5977824425733,Incorrect Sit Up or No Sit Up
2025-04-09 00:05:43,2,60.65503706215088,130.60768678000667,Incorrect Sit Up or No Sit Up
2025-04-09 00:05:43,2,59.595177571140084,128.99602919225302,Incorrect Sit Up or No Sit Up
2025-04-09 00:05:43,2,58.96179601953662,129.94293809752392,Incorrect Sit Up or No Sit Up
2025-04-09 00:05:44,2,57.60162082910887,124.5104144212139,Incorrect Sit Up or No Sit Up
2025-04-09 00:05:44,2,56.48921479145366,123.9486910220608,Incorrect Sit Up or No Sit Up
2025-04-09 00:05:44,2,55.61708705238544,116.15370075377388,Incorrect Sit Up or No Sit Up
2025-04-09 00:05:44,2,54.724619425654566,116.25007686370262,Incorrect Sit Up or No Sit Up
2025-04-09 00:05:44,2,55.13607258538559,113.26299978445259,Incorrect Sit Up or No Sit Up
2025-04-09 00:05:44,2,54.598401641877274,114.2808705185946,Incorrect Sit Up or No Sit Up
2025-04-09 00:05:44,2,55.73547573913061,117.63518208521985,Incorrect Sit Up or No Sit Up
2025-04-09 00:05:44,2,54.41945728976208,141.67828743574995,Incorrect Sit Up or No Sit Up
2025-04-09 00:05:44,2,52.827113721995886,150.73918006473858,Incorrect Sit Up or No Sit Up
2025-04-09 00:05:44,2,54.753801391448576,166.5206209907163,Incorrect Sit Up or No Sit Up
2025-04-09 00:05:44,2,66.41830696449136,168.99936192401526,Incorrect Sit Up or No Sit Up
2025-04-09 00:05:44,2,68.59077228351197,161.8939255337067,Incorrect Sit Up or No Sit Up
2025-04-09 00:05:44,2,67.46082186882728,162.69736486112956,Incorrect Sit Up or No Sit Up
2025-04-09 00:05:44,2,70.09626406962155,163.8554865372099,Incorrect Sit Up or No Sit Up
2025-04-09 00:05:44,2,78.43028770949655,163.9247784205902,Incorrect Sit Up or No Sit Up
2025-04-09 00:05:44,2,86.40881185462501,155.02038159359847,Incorrect Sit Up or No Sit Up
2025-04-09 00:05:45,2,87.35151329284167,149.55769018166498,Incorrect Sit Up or No Sit Up
2025-04-09 00:05:45,2,88.77081513045135,150.60782672312848,Incorrect Sit Up or No Sit Up
2025-04-09 00:05:45,2,87.72795376512522,152.88127932512273,Incorrect Sit Up or No Sit Up
2025-04-09 00:05:45,2,82.08710433557292,149.5656929711111,Incorrect Sit Up or No Sit Up
2025-04-09 00:05:45,2,82.13493369032227,156.81345722029474,Incorrect Sit Up or No Sit Up
2025-04-09 00:05:45,2,80.61553945374965,163.71619150008198,Incorrect Sit Up or No Sit Up
2025-04-09 00:05:45,2,76.82341213260855,170.65450532685333,Incorrect Sit Up or No Sit Up
2025-04-09 00:05:45,2,75.30397628592493,174.88719701163427,Incorrect Sit Up or No Sit Up
2025-04-09 00:05:45,2,79.96424566251312,162.33472817119014,Incorrect Sit Up or No Sit Up
2025-04-09 00:05:45,2,80.0808898815522,151.00717435951825,Incorrect Sit Up or No Sit Up
2025-04-09 00:05:45,2,85.57596982774271,158.2995468303682,Incorrect Sit Up or No Sit Up
2025-04-09 00:05:45,2,77.27208951765095,153.16116772818583,Incorrect Sit Up or No Sit Up
2025-04-09 00:05:45,2,89.39114164325747,157.78422762772428,Incorrect Sit Up or No Sit Up
2025-04-09 00:05:45,2,74.86013438374772,140.13554798611105,Incorrect Sit Up or No Sit Up
2025-04-09 00:05:45,2,70.15552054578977,133.57241793545816,Incorrect Sit Up or No Sit Up
2025-04-09 00:05:45,2,68.52908333991212,119.73635179254234,Incorrect Sit Up or No Sit Up
2025-04-09 00:05:45,2,76.14396899478187,124.27046196091624,Incorrect Sit Up or No Sit Up
2025-04-09 00:05:45,2,78.16925176869738,119.00664874599687,Incorrect Sit Up or No Sit Up
2025-04-09 00:05:45,2,80.48402876136417,122.92602870824018,Incorrect Sit Up or No Sit Up
2025-04-09 00:05:45,2,100.16285380094062,110.87291137627116,Incorrect Sit Up or No Sit Up
2025-04-09 00:05:46,2,104.58120088995497,136.99179002802035,Incorrect Sit Up or No Sit Up
2025-04-09 00:05:46,2,103.65663459878854,106.40294689027002,Incorrect Sit Up or No Sit Up
2025-04-09 00:05:46,2,105.16453917074404,98.00366269246177,Incorrect Sit Up or No Sit Up
2025-04-09 00:05:46,2,108.57120662942145,91.92810173796352,Incorrect Sit Up or No Sit Up
2025-04-09 00:05:46,2,109.5533181037228,86.41302988789404,Incorrect Sit Up or No Sit Up
2025-04-09 00:05:46,2,99.54893332360581,77.70875484821613,Incorrect Sit Up or No Sit Up
2025-04-09 00:05:46,2,103.29844073891721,79.1094779143666,Incorrect Sit Up or No Sit Up
2025-04-09 00:05:46,2,102.17649948139197,79.66593424256375,Incorrect Sit Up or No Sit Up
2025-04-09 00:05:46,2,94.71741137942873,84.07779501577211,Incorrect Sit Up or No Sit Up
2025-04-09 00:05:46,2,92.5631935095842,82.32451194564275,Incorrect Sit Up or No Sit Up
2025-04-09 00:05:46,2,91.57849984824286,79.20841228898908,Incorrect Sit Up or No Sit Up
2025-04-09 00:05:46,2,87.23354097253377,78.2923033372099,Incorrect Sit Up or No Sit Up
2025-04-09 00:05:46,2,86.68149885656631,75.39833980987305,Incorrect Sit Up or No Sit Up
2025-04-09 00:05:46,2,94.0366068855265,68.72098604263941,Incorrect Sit Up or No Sit Up
2025-04-09 00:05:46,2,61.56273799104215,49.290144099472315,Sit up Detected: Correct
2025-04-09 00:05:46,2,52.15363879956936,43.56405547625274,Sit up Detected: Correct
2025-04-09 00:05:46,2,51.162744880985976,42.48427778109281,Sit up Detected: Correct
2025-04-09 00:05:46,2,47.309623666181444,46.49090600311774,Sit up Detected: Correct
2025-04-09 00:05:46,2,45.79209910956178,41.301028420433475,Sit up Detected: Correct
2025-04-09 00:05:46,2,45.13301611020261,34.93525147882233,Sit up Detected: Correct
2025-04-09 00:05:46,2,43.670704075487734,32.214716721113234,Sit up Detected: Correct
2025-04-09 00:05:46,2,40.55048508667033,35.823106421055684,Sit up Detected: Correct
2025-04-09 00:05:47,2,41.38086266781761,37.33889005611661,Sit up Detected: Correct
2025-04-09 00:05:47,2,47.30678531087477,36.10460905523285,Sit up Detected: Correct
2025-04-09 00:05:47,2,44.33688851571236,31.334218685023234,Sit up Detected: Correct
2025-04-09 00:05:47,2,45.589244832741464,30.4645619431964,Sit up Detected: Correct
2025-04-09 00:05:47,2,46.76664168941074,28.3774739703674,Sit up Detected: Correct
2025-04-09 00:05:47,2,44.7542552931852,27.76334461725032,Sit up Detected: Correct
2025-04-09 00:05:47,2,38.44780401310405,27.933106993944072,Sit up Detected: Correct
2025-04-09 00:05:47,2,37.170914051165894,31.16901044916568,Sit up Detected: Correct
2025-04-09 00:05:47,2,35.767163404214116,32.88439661494494,Sit up Detected: Correct
2025-04-09 00:05:47,2,35.694032931810305,34.22528307008412,Sit up Detected: Correct
2025-04-09 00:05:47,2,40.08932628953182,34.855757382282505,Sit up Detected: Correct
2025-04-09 00:05:47,2,42.070814765055395,35.60461162917014,Sit up Detected: Correct
2025-04-09 00:05:47,2,43.33409211313448,35.798618351055424,Sit up Detected: Correct
2025-04-09 00:05:47,2,40.69371705257994,35.74337043987705,Sit up Detected: Correct
2025-04-09 00:05:47,2,42.2734256188785,35.5510282299414,Sit up Detected: Correct
2025-04-09 00:05:47,2,42.64390960752853,35.201369807324944,Sit up Detected: Correct
2025-04-09 00:05:47,2,42.80208936129365,35.16308191803064,Sit up Detected: Correct
2025-04-09 00:05:47,2,42.669034476280075,34.79939739343837,Sit up Detected: Correct
2025-04-09 00:05:47,2,42.68307569729204,34.707997847922506,Sit up Detected: Correct
2025-04-09 00:05:47,2,42.68514335945351,34.56546510423357,Sit up Detected: Correct
2025-04-09 00:05:47,2,41.892501529238444,34.11015431762311,Sit up Detected: Correct
2025-04-09 00:05:48,2,40.95823034915844,33.851225579119344,Sit up Detected: Correct
2025-04-09 00:05:48,2,43.93682947673081,35.05914508876464,Sit up Detected: Correct
2025-04-09 00:05:48,2,46.28998986168507,35.668014309553634,Sit up Detected: Correct
2025-04-09 00:05:48,2,42.59619702235066,36.50102659510774,Sit up Detected: Correct
2025-04-09 00:05:48,2,36.54532142222118,36.54308637372129,Sit up Detected: Correct
2025-04-09 00:05:48,2,35.43505256449341,36.63252409471873,Sit up Detected: Correct
2025-04-09 00:05:48,2,29.072907404059883,35.226635218694405,Sit up Detected: Correct
2025-04-09 00:05:48,2,32.84379130721618,36.4556893611248,Sit up Detected: Correct
2025-04-09 00:05:48,2,35.834786168990824,38.185244146997896,Sit up Detected: Correct
2025-04-09 00:05:48,2,38.526498029030975,39.82716831888203,Sit up Detected: Correct
2025-04-09 00:05:48,2,35.73740240555056,39.67299332867706,Sit up Detected: Correct
2025-04-09 00:05:48,2,35.703191942602295,39.8012397346429,Sit up Detected: Correct
2025-04-09 00:05:48,2,41.9166154078777,39.65896909447271,Sit up Detected: Correct
2025-04-09 00:05:48,2,46.14671001621688,41.00902650937684,Sit up Detected: Correct
2025-04-09 00:05:48,2,49.77350983425626,41.57580046050872,Sit up Detected: Correct
2025-04-09 00:05:48,2,47.660341509334124,41.95706122898952,Sit up Detected: Correct
2025-04-09 00:05:48,2,46.30186467319109,39.7110199677386,Sit up Detected: Correct
2025-04-09 00:05:48,2,45.98453627638916,38.4398341111321,Sit up Detected: Correct
2025-04-09 00:05:48,2,45.026918723205284,37.713254785228834,Sit up Detected: Correct
2025-04-09 00:05:48,2,43.8653300789721,36.947529408504295,Sit up Detected: Correct
2025-04-09 00:05:48,2,42.82497494923307,36.97166920450936,Sit up Detected: Correct
2025-04-09 00:05:48,2,45.00238584477645,38.4572383336407,Sit up Detected: Correct
2025-04-09 00:05:49,2,45.38374285981472,38.927336827011615,Sit up Detected: Correct
2025-04-09 00:05:49,2,44.64697909404728,39.30148456611237,Sit up Detected: Correct
2025-04-09 00:05:49,2,45.62385010494883,39.77491252463594,Sit up Detected: Correct
2025-04-09 00:05:49,2,43.43162423805301,39.87181533144377,Sit up Detected: Correct
2025-04-09 00:05:49,2,42.494181142929385,40.55222520359624,Sit up Detected: Correct
2025-04-09 00:05:49,2,43.431784688252385,41.40799639918476,Sit up Detected: Correct
2025-04-09 00:05:49,2,43.64375688206392,41.80621549241067,Sit up Detected: Correct
2025-04-09 00:05:49,2,44.01858121098008,41.87466254201761,Sit up Detected: Correct
2025-04-09 00:05:49,2,44.165647200492515,42.07819000584569,Sit up Detected: Correct
2025-04-09 00:05:49,2,44.50764885211522,42.15215573331696,Sit up Detected: Correct
2025-04-09 00:05:49,2,41.537182820857694,42.019191933297215,Sit up Detected: Correct
2025-04-09 00:05:49,2,40.33011123346645,41.654641623265576,Sit up Detected: Correct
2025-04-09 00:05:49,2,42.830443217616896,40.1968383974121,Sit up Detected: Correct
2025-04-09 00:05:49,2,42.6811660683414,39.59771894441358,Sit up Detected: Correct
2025-04-09 00:05:49,2,41.73987947852699,39.435304672272906,Sit up Detected: Correct
2025-04-09 00:05:49,2,42.517851358692425,40.69599766431192,Sit up Detected: Correct
2025-04-09 00:05:49,2,41.81429264331104,38.55429358379501,Sit up Detected: Correct
2025-04-09 00:05:49,2,45.06604094802798,36.621375212033094,Sit up Detected: Correct
2025-04-09 00:05:49,2,42.158548423891716,34.764527134519895,Sit up Detected: Correct
2025-04-09 00:05:49,2,38.45735489367532,34.357763736258924,Sit up Detected: Correct
2025-04-09 00:05:49,2,32.75230229447526,32.14119458702078,Sit up Detected: Correct
2025-04-09 00:05:50,2,29.18626492043587,30.939519953143147,Sit up Detected: Correct
2025-04-09 00:05:50,2,28.425492056240312,30.331351300135797,Sit up Detected: Correct
2025-04-09 00:05:50,2,19.12796146265698,25.09809332008631,Sit up Detected: Correct
2025-04-09 00:05:50,2,18.86498161428686,25.066987230180914,Sit up Detected: Correct
2025-04-09 00:05:50,2,20.326445173084114,24.768334866809877,Sit up Detected: Correct
2025-04-09 00:05:50,2,25.140473456468005,24.581742625379224,Sit up Detected: Correct
2025-04-09 00:05:50,2,25.507244971317924,25.135251699537243,Sit up Detected: Correct
2025-04-09 00:05:50,2,25.955749258452585,25.26744228140542,Sit up Detected: Correct
2025-04-09 00:05:50,2,27.84793082091164,26.2870004421686,Sit up Detected: Correct
2025-04-09 00:05:50,2,31.627916521272784,27.86331770294969,Sit up Detected: Correct
2025-04-09 00:05:50,2,37.85972275023609,30.322026676991005,Sit up Detected: Correct
2025-04-09 00:05:50,2,41.269069671014236,32.99143978706977,Sit up Detected: Correct
2025-04-09 00:05:50,2,40.94016736232834,35.897809564851855,Sit up Detected: Correct
2025-04-09 00:05:50,2,44.49432064303962,38.11085726541794,Sit up Detected: Correct
2025-04-09 00:05:50,2,44.71200524282339,38.93210179347135,Sit up Detected: Correct
2025-04-09 00:05:50,2,44.423934217465515,38.70603520827108,Sit up Detected: Correct
2025-04-09 00:05:50,2,45.53668386295699,39.04734770389129,Sit up Detected: Correct
2025-04-09 00:05:50,2,45.03149025891613,41.601193136595334,Sit up Detected: Correct
2025-04-09 00:05:50,2,46.32239752438382,42.213648522226904,Sit up Detected: Correct
2025-04-09 00:05:50,2,45.20689898688264,41.75247022848051,Sit up Detected: Correct
2025-04-09 00:05:50,2,45.3463071839708,41.36194507986158,Sit up Detected: Correct
2025-04-09 00:05:51,2,42.14597564667965,41.09477467822733,Sit up Detected: Correct
2025-04-09 00:05:51,2,45.00349111768777,41.75324254883393,Sit up Detected: Correct
2025-04-09 00:05:51,2,40.18410750096941,41.30793608506627,Sit up Detected: Correct
2025-04-09 00:05:51,2,44.35206071426118,41.05044025520617,Sit up Detected: Correct
2025-04-09 00:05:51,2,43.10798762506606,41.00206567815521,Sit up Detected: Correct
2025-04-09 00:05:51,2,43.204220511282465,40.39207620956163,Sit up Detected: Correct
2025-04-09 00:05:51,2,43.61249275888715,38.70020274174223,Sit up Detected: Correct
2025-04-09 00:05:51,2,43.42045249743992,38.09105678806832,Sit up Detected: Correct
2025-04-09 00:05:51,2,43.00915933217359,38.01514325705628,Sit up Detected: Correct
2025-04-09 00:05:51,2,45.00264784569584,38.09623356114769,Sit up Detected: Correct
2025-04-09 00:05:51,2,45.287385624614856,38.098060934214146,Sit up Detected: Correct
2025-04-09 00:05:51,2,41.03679086409631,33.59336034254385,Sit up Detected: Correct
2025-04-09 00:05:51,2,39.889052713074065,32.92119035046024,Sit up Detected: Correct
2025-04-09 00:05:51,2,39.63649317911945,33.46201417090599,Sit up Detected: Correct
2025-04-09 00:05:51,2,40.4896623728391,33.51402865057213,Sit up Detected: Correct
2025-04-09 00:05:51,2,38.558284118284234,32.96500217357523,Sit up Detected: Correct
2025-04-09 00:05:51,2,37.867534780484526,32.87722828570673,Sit up Detected: Correct
2025-04-09 00:05:51,2,36.604978599863735,33.251517716954176,Sit up Detected: Correct
2025-04-09 00:05:51,2,35.74584248291391,33.90737623582413,Sit up Detected: Correct
2025-04-09 00:05:51,2,36.395276027335456,35.65333999334321,Sit up Detected: Correct
2025-04-09 00:05:51,2,37.735847397874245,36.11401483638605,Sit up Detected: Correct
2025-04-09 00:05:51,2,43.04927776945917,33.421790130761536,Sit up Detected: Correct
2025-04-09 00:05:52,2,41.36256563129194,32.38406519206692,Sit up Detected: Correct
2025-04-09 00:05:52,2,42.564785810136364,32.43346929861034,Sit up Detected: Correct
2025-04-09 00:05:52,2,43.944837178688694,38.97879726990451,Sit up Detected: Correct
2025-04-09 00:05:52,2,47.79438671845535,43.71369371451771,Sit up Detected: Correct
2025-04-09 00:05:52,2,50.584813193571655,56.20062553076845,Sit up Detected: Correct
2025-04-09 00:05:52,2,53.829249441801494,58.616635203208176,Sit up Detected: Correct
2025-04-09 00:05:52,2,54.15855508304295,61.73146933156294,Sit up Detected: Correct
2025-04-09 00:05:52,2,56.85203107268112,62.957964875340224,Sit up Detected: Correct
2025-04-09 00:05:52,2,64.2255540782549,66.83904476185339,Sit up Detected: Correct
2025-04-09 00:05:52,2,71.14346926401075,65.3440399571746,Incorrect Sit Up or No Sit Up
2025-04-09 00:05:52,2,72.06202807936148,66.99682436267815,Incorrect Sit Up or No Sit Up
2025-04-09 00:05:52,2,71.181729038353,66.59055955093459,Incorrect Sit Up or No Sit Up
2025-04-09 00:05:52,2,95.0296700025127,96.68445213191768,Incorrect Sit Up or No Sit Up
2025-04-09 00:05:52,2,100.04197086597085,108.87605147181254,Incorrect Sit Up or No Sit Up
2025-04-09 00:05:52,2,117.12443455106832,117.04439538960646,Incorrect Sit Up or No Sit Up
2025-04-09 00:05:52,2,121.25005179568149,124.52888085432001,Incorrect Sit Up or No Sit Up
2025-04-09 00:05:52,2,158.3051688216077,175.16894859528156,Incorrect Sit Up or No Sit Up
2025-04-09 00:05:52,2,139.4703171817525,175.2559314491202,Incorrect Sit Up or No Sit Up
2025-04-09 00:05:52,2,129.67538028255663,178.76343003194515,Incorrect Sit Up or No Sit Up
2025-04-09 00:05:52,2,128.09849049491962,170.06448398187285,Incorrect Sit Up or No Sit Up
2025-04-09 00:05:52,2,132.40726064081326,177.4906712461518,Incorrect Sit Up or No Sit Up
2025-04-09 00:05:53,2,151.11653527769312,177.407764356453,Incorrect Sit Up or No Sit Up
2025-04-09 00:05:53,2,150.7745699317192,178.67375933334603,Incorrect Sit Up or No Sit Up
2025-04-09 00:05:53,2,162.40633412935898,173.52158878245757,Incorrect Sit Up or No Sit Up
2025-04-09 00:05:53,2,162.33057564068454,168.4799840501154,Incorrect Sit Up or No Sit Up
2025-04-09 00:05:53,2,166.92041999805664,173.7356660422677,Incorrect Sit Up or No Sit Up
2025-04-09 00:05:53,2,164.92078496311848,168.67534806044455,Incorrect Sit Up or No Sit Up
2025-04-09 00:05:53,2,162.50963603169552,178.06591760747096,Incorrect Sit Up or No Sit Up
2025-04-09 00:05:53,2,140.30620299395972,168.96397400184213,Incorrect Sit Up or No Sit Up
2025-04-09 00:05:53,2,71.50043594319573,168.3554549270757,Incorrect Sit Up or No Sit Up
2025-04-09 00:05:53,2,63.67466830386528,169.518640751359,Incorrect Sit Up or No Sit Up
2025-04-09 00:05:53,2,26.611216277764683,96.91967697186463,Incorrect Sit Up or No Sit Up
2025-04-09 00:05:53,2,69.24953620310167,35.099375907708996,Sit up Detected: Correct
2025-04-09 00:05:53,2,111.49213946975559,150.29181152936582,Incorrect Sit Up or No Sit Up
2025-04-09 00:05:53,2,103.19408690546072,157.1607216061278,Incorrect Sit Up or No Sit Up
2025-04-09 00:05:53,2,88.01077570268251,170.412038968708,Incorrect Sit Up or No Sit Up
2025-04-09 00:05:53,2,86.69544314938008,170.15539456714387,Incorrect Sit Up or No Sit Up
2025-04-09 00:05:53,2,148.76400090804935,173.4461674769465,Incorrect Sit Up or No Sit Up
2025-04-09 00:05:53,2,,,No Pose Detected
2025-04-09 00:05:53,2,178.97907354950723,178.96134794732032,Incorrect Sit Up or No Sit Up
2025-04-09 00:05:53,2,177.83402621225636,178.1288604801843,Incorrect Sit Up or No Sit Up
2025-04-09 00:05:53,2,179.23543458737953,177.10719720791272,Incorrect Sit Up or No Sit Up
2025-04-09 00:05:54,2,,,No Pose Detected
2025-04-09 00:05:54,2,179.98896353884038,178.0676916667014,Incorrect Sit Up or No Sit Up
2025-04-09 00:05:54,2,179.6179054482629,178.26161305316447,Incorrect Sit Up or No Sit Up
2025-04-09 00:05:54,2,,,No Pose Detected
2025-04-09 00:05:54,2,,,No Pose Detected
2025-04-09 00:05:54,2,,,No Pose Detected
2025-04-09 00:05:54,2,,,No Pose Detected
2025-04-09 00:05:54,2,109.34672676268167,125.62178511836822,Incorrect Sit Up or No Sit Up
2025-04-09 00:05:54,2,,,No Pose Detected
2025-04-09 00:05:54,2,,,No Pose Detected
2025-04-09 00:05:54,2,,,No Pose Detected
2025-04-09 00:05:54,2,,,No Pose Detected
2025-04-09 00:05:54,2,,,No Pose Detected
2025-04-09 00:05:54,2,,,No Pose Detected
2025-04-09 00:05:54,2,,,No Pose Detected
2025-04-09 00:05:54,2,,,No Pose Detected
2025-04-09 00:05:54,2,,,No Pose Detected
2025-04-09 00:05:54,2,,,No Pose Detected
2025-04-09 00:05:54,2,,,No Pose Detected
2025-04-09 00:05:54,2,,,No Pose Detected
2025-04-09 00:05:55,2,,,No Pose Detected
2025-04-09 00:05:55,2,,,No Pose Detected
2025-04-09 00:05:55,2,,,No Pose Detected
2025-04-09 00:05:55,2,,,No Pose Detected
2025-04-09 00:05:55,2,,,No Pose Detected
2025-04-09 00:05:55,2,,,No Pose Detected
2025-04-09 00:05:55,2,,,No Pose Detected
2025-04-09 00:05:55,2,,,No Pose Detected
2025-04-09 00:05:55,2,,,No Pose Detected
2025-04-09 00:05:55,2,,,No Pose Detected
2025-04-09 00:05:55,2,,,No Pose Detected
2025-04-09 00:05:55,2,,,No Pose Detected
2025-04-09 00:05:55,2,,,No Pose Detected
2025-04-09 00:05:55,2,,,No Pose Detected
2025-04-09 00:05:55,2,,,No Pose Detected
2025-04-09 00:05:55,2,,,No Pose Detected
2025-04-09 00:05:55,2,,,No Pose Detected
2025-04-09 00:05:55,2,,,No Pose Detected
2025-04-09 00:05:55,2,,,No Pose Detected
2025-04-09 00:05:55,2,,,No Pose Detected
2025-04-09 00:05:55,2,,,No Pose Detected
2025-04-09 00:05:55,2,,,No Pose Detected
2025-04-09 00:05:55,2,,,No Pose Detected
2025-04-09 00:05:56,2,,,No Pose Detected
2025-04-09 00:05:56,2,,,No Pose Detected
2025-04-09 00:05:56,2,,,No Pose Detected
2025-04-09 00:05:56,2,,,No Pose Detected
2025-04-09 00:05:56,2,,,No Pose Detected
2025-04-09 00:05:56,2,,,No Pose Detected
2025-04-09 00:05:56,2,,,No Pose Detected
2025-04-09 00:05:56,2,,,No Pose Detected
2025-04-09 00:05:56,2,,,No Pose Detected
2025-04-09 00:05:56,2,,,No Pose Detected
2025-04-09 00:05:56,2,,,No Pose Detected
2025-04-09 00:05:56,2,,,No Pose Detected
2025-04-09 00:05:56,2,,,No Pose Detected
2025-04-09 00:05:56,2,,,No Pose Detected
2025-04-09 00:05:56,2,,,No Pose Detected
2025-04-09 00:05:56,2,,,No Pose Detected
2025-04-09 00:05:56,2,,,No Pose Detected
2025-04-09 00:05:56,2,,,No Pose Detected
2025-04-09 00:05:56,2,,,No Pose Detected
2025-04-09 00:05:56,2,,,No Pose Detected
2025-04-09 00:05:56,2,,,No Pose Detected
2025-04-09 00:05:56,2,,,No Pose Detected
2025-04-09 00:05:57,2,,,No Pose Detected
2025-04-09 00:05:57,2,,,No Pose Detected
2025-04-09 00:05:57,2,,,No Pose Detected
2025-04-09 00:05:57,2,68.34361544751943,163.0317086521928,Incorrect Sit Up or No Sit Up
2025-04-09 00:05:57,2,,,No Pose Detected
2025-04-09 00:05:57,2,,,No Pose Detected
2025-04-09 00:05:57,2,,,No Pose Detected
2025-04-09 00:05:57,2,,,No Pose Detected
2025-04-09 00:05:57,2,,,No Pose Detected
2025-04-09 00:05:57,2,,,No Pose Detected
2025-04-09 00:05:57,2,,,No Pose Detected
2025-04-09 00:05:57,2,,,No Pose Detected
2025-04-09 00:05:57,2,179.85546763744642,175.00668787584615,Incorrect Sit Up or No Sit Up
2025-04-09 00:05:57,2,174.85218822701333,152.89762812283865,Incorrect Sit Up or No Sit Up
2025-04-09 00:05:57,2,176.35772839987527,167.9600842811827,Incorrect Sit Up or No Sit Up
2025-04-09 00:05:57,2,171.52887880568687,158.233430705042,Incorrect Sit Up or No Sit Up
2025-04-09 00:05:57,2,170.57091468258147,163.60696524440442,Incorrect Sit Up or No Sit Up
2025-04-09 00:05:57,2,172.82595875233608,164.38131316150466,Incorrect Sit Up or No Sit Up
2025-04-09 00:05:57,2,157.08320961053656,114.77553825475657,Incorrect Sit Up or No Sit Up
2025-04-09 00:05:58,2,151.30693443882978,100.72630369209561,Incorrect Sit Up or No Sit Up
2025-04-09 00:05:58,2,162.78071215358713,126.68631894920324,Incorrect Sit Up or No Sit Up
2025-04-09 00:05:58,2,169.47204904939485,134.4927380748323,Incorrect Sit Up or No Sit Up
2025-04-09 00:05:58,2,166.28557184949182,133.72618144959705,Incorrect Sit Up or No Sit Up
2025-04-09 00:05:58,2,165.9064419474715,134.05394205976924,Incorrect Sit Up or No Sit Up
2025-04-09 00:05:58,2,172.41799861762897,149.53727009345545,Incorrect Sit Up or No Sit Up
2025-04-09 00:05:58,2,159.8770076706344,142.96834731660073,Incorrect Sit Up or No Sit Up
2025-04-09 00:05:58,2,154.95197513041737,142.79662428760327,Incorrect Sit Up or No Sit Up
2025-04-09 00:05:58,2,132.4842174583463,119.78330465207995,Incorrect Sit Up or No Sit Up
2025-04-09 00:05:58,2,96.93063779203828,95.41957238095041,Incorrect Sit Up or No Sit Up
2025-04-09 00:05:58,2,97.86022839952284,91.89690931051132,Incorrect Sit Up or No Sit Up
2025-04-09 00:05:58,2,83.63941006329327,89.207808188863,Incorrect Sit Up or No Sit Up
2025-04-09 00:05:58,2,151.6323990514366,108.78620536868102,Incorrect Sit Up or No Sit Up
2025-04-09 00:05:58,2,159.5446618895749,125.1644350984024,Incorrect Sit Up or No Sit Up
2025-04-09 00:05:58,2,176.07961399506436,168.55572561334697,Incorrect Sit Up or No Sit Up
2025-04-09 00:05:58,2,178.48285031601387,171.9626982559685,Incorrect Sit Up or No Sit Up
2025-04-09 00:05:58,2,177.2433274818541,178.19204318997149,Incorrect Sit Up or No Sit Up
2025-04-09 00:05:58,2,178.663157777502,179.0032888067141,Incorrect Sit Up or No Sit Up
2025-04-09 00:05:58,2,179.09582046220262,178.87274507070072,Incorrect Sit Up or No Sit Up
2025-04-09 00:05:58,2,179.17358663120208,176.89239213854975,Incorrect Sit Up or No Sit Up
2025-04-09 00:05:58,2,178.1243909735345,173.17288239691993,Incorrect Sit Up or No Sit Up
2025-04-09 00:05:58,2,176.74870729140684,172.5084000313076,Incorrect Sit Up or No Sit Up
2025-04-09 00:05:59,2,176.58732642426943,173.90538161308203,Incorrect Sit Up or No Sit Up
2025-04-09 00:05:59,2,177.17918330699774,175.4432744516857,Incorrect Sit Up or No Sit Up
2025-04-09 00:05:59,2,177.6245029531568,175.89417946231254,Incorrect Sit Up or No Sit Up
2025-04-09 00:05:59,2,178.70775523843713,176.83163591693904,Incorrect Sit Up or No Sit Up
2025-04-09 00:05:59,2,178.74209032481454,177.48804561418478,Incorrect Sit Up or No Sit Up
2025-04-09 00:05:59,2,178.87552863696794,178.60716614090825,Incorrect Sit Up or No Sit Up
2025-04-09 00:05:59,2,178.33601213341177,178.10391832422474,Incorrect Sit Up or No Sit Up
2025-04-09 00:05:59,2,177.57650253546072,179.57779189303,Incorrect Sit Up or No Sit Up
2025-04-09 00:05:59,2,177.58814244566094,179.66092667121202,Incorrect Sit Up or No Sit Up
2025-04-09 00:05:59,2,177.92782543311503,179.69242591119556,Incorrect Sit Up or No Sit Up
2025-04-09 00:05:59,2,177.5928031291417,179.70764598015563,Incorrect Sit Up or No Sit Up
2025-04-09 00:05:59,2,177.76827099734965,179.4818098341082,Incorrect Sit Up or No Sit Up
2025-04-09 00:05:59,2,177.50091352812737,179.83590000713363,Incorrect Sit Up or No Sit Up
2025-04-09 00:05:59,2,177.67474471944607,179.9425869893223,Incorrect Sit Up or No Sit Up
2025-04-09 00:05:59,2,177.9768249694481,179.86023543644293,Incorrect Sit Up or No Sit Up
2025-04-09 00:05:59,2,178.08550322017493,179.9296222260455,Incorrect Sit Up or No Sit Up
2025-04-09 00:05:59,2,178.33722026612398,179.92526220726754,Incorrect Sit Up or No Sit Up
2025-04-09 00:05:59,2,178.68132546312407,179.86019460492867,Incorrect Sit Up or No Sit Up
2025-04-09 00:05:59,2,178.91855406621372,179.7169637184865,Incorrect Sit Up or No Sit Up
2025-04-09 00:05:59,2,178.9929180375365,179.6895883125922,Incorrect Sit Up or No Sit Up
2025-04-09 00:05:59,2,179.0937425155026,179.57529290686273,Incorrect Sit Up or No Sit Up
2025-04-09 00:05:59,2,179.1176061664707,179.57141784312438,Incorrect Sit Up or No Sit Up
2025-04-09 00:06:00,2,179.26254423273775,179.52126519762692,Incorrect Sit Up or No Sit Up
2025-04-09 00:06:00,2,179.21568433325768,179.58202198995397,Incorrect Sit Up or No Sit Up
2025-04-09 00:06:00,2,179.15654144668756,179.7857438352885,Incorrect Sit Up or No Sit Up
2025-04-09 00:06:00,2,178.91799694358156,179.5261741153323,Incorrect Sit Up or No Sit Up
2025-04-09 00:06:00,2,178.75411693013115,179.47583006427797,Incorrect Sit Up or No Sit Up
2025-04-09 00:06:00,2,178.94925195240344,179.52089204820734,Incorrect Sit Up or No Sit Up
2025-04-09 00:06:00,2,178.96223672143628,179.5671945672091,Incorrect Sit Up or No Sit Up
2025-04-09 00:06:00,2,178.7308114285344,179.66594131886933,Incorrect Sit Up or No Sit Up
2025-04-09 00:06:00,2,179.0692807315785,179.6875561316152,Incorrect Sit Up or No Sit Up
2025-04-09 00:06:00,2,179.34992559114812,179.94626502159022,Incorrect Sit Up or No Sit Up
2025-04-09 00:06:00,2,179.43462588459346,179.85940649320418,Incorrect Sit Up or No Sit Up
2025-04-09 00:06:00,2,179.65304475416397,179.56240096704596,Incorrect Sit Up or No Sit Up
2025-04-09 00:06:00,2,179.50873349106334,179.68224787900496,Incorrect Sit Up or No Sit Up
2025-04-09 00:06:00,2,179.53661996282102,179.81325920421526,Incorrect Sit Up or No Sit Up
2025-04-09 00:06:00,2,179.4969982204568,179.8932593770866,Incorrect Sit Up or No Sit Up
2025-04-09 00:06:00,2,179.49499909723872,179.89801434551168,Incorrect Sit Up or No Sit Up
2025-04-09 00:06:00,2,179.30637145027654,179.89262816642506,Incorrect Sit Up or No Sit Up
2025-04-09 00:06:00,2,179.28563582426494,179.85023083284335,Incorrect Sit Up or No Sit Up
2025-04-09 00:06:00,2,179.2777673511522,179.8500906493965,Incorrect Sit Up or No Sit Up
2025-04-09 00:06:00,2,179.30097896595566,179.8063266355867,Incorrect Sit Up or No Sit Up
2025-04-09 00:06:00,2,179.28144196678036,179.78797637888076,Incorrect Sit Up or No Sit Up
2025-04-09 00:06:01,2,179.24427116617517,179.76682249014564,Incorrect Sit Up or No Sit Up
2025-04-09 00:06:01,2,179.2405893734533,179.71214126630596,Incorrect Sit Up or No Sit Up
2025-04-09 00:06:01,2,179.19117875041113,179.70359163159384,Incorrect Sit Up or No Sit Up
2025-04-09 00:06:01,2,179.13699205979214,179.60549095188722,Incorrect Sit Up or No Sit Up
2025-04-09 00:06:01,2,179.0907351823224,179.46911120716308,Incorrect Sit Up or No Sit Up
2025-04-09 00:06:01,2,179.17341552558025,179.6427614385817,Incorrect Sit Up or No Sit Up
2025-04-09 00:06:01,2,179.18125092982925,179.62872450913645,Incorrect Sit Up or No Sit Up
2025-04-09 00:06:01,2,179.23951777582388,179.5605402567456,Incorrect Sit Up or No Sit Up
2025-04-09 00:06:01,2,179.26550373628456,179.59462853376542,Incorrect Sit Up or No Sit Up
2025-04-09 00:06:01,2,179.2787502992687,179.846623336019,Incorrect Sit Up or No Sit Up
2025-04-09 00:06:01,2,179.01333037980336,179.73295646661578,Incorrect Sit Up or No Sit Up
2025-04-09 00:06:01,2,179.06167414228403,179.7831684414798,Incorrect Sit Up or No Sit Up
2025-04-09 00:06:01,2,179.1713375595802,179.84995704832798,Incorrect Sit Up or No Sit Up
2025-04-09 00:06:01,2,179.35500598277522,179.93822966628304,Incorrect Sit Up or No Sit Up
2025-04-09 00:06:01,2,179.66870807134734,179.56750921079947,Incorrect Sit Up or No Sit Up
2025-04-09 00:06:01,2,179.68473128475642,179.3697428288481,Incorrect Sit Up or No Sit Up
2025-04-09 00:06:01,2,179.6592234938532,179.30253065687543,Incorrect Sit Up or No Sit Up
2025-04-09 00:06:01,2,179.6840379823709,179.30812673949254,Incorrect Sit Up or No Sit Up
2025-04-09 00:06:02,2,179.68909274297891,179.1854485192647,Incorrect Sit Up or No Sit Up
2025-04-09 00:06:02,2,179.75306161241448,178.978353323324,Incorrect Sit Up or No Sit Up
2025-04-09 00:06:02,2,179.7350619169851,178.92620247013042,Incorrect Sit Up or No Sit Up
2025-04-09 00:06:02,2,179.75192779404114,178.87704907779735,Incorrect Sit Up or No Sit Up
2025-04-09 00:06:02,2,179.7697756661699,178.77847164177544,Incorrect Sit Up or No Sit Up
2025-04-09 00:06:02,2,179.93763365433983,178.4718564525628,Incorrect Sit Up or No Sit Up
2025-04-09 00:06:02,2,179.97589679019362,178.48359527314665,Incorrect Sit Up or No Sit Up
2025-04-09 00:06:02,2,179.95587822872895,178.41289450861643,Incorrect Sit Up or No Sit Up
2025-04-09 00:06:02,2,179.78401584074115,178.21322569351844,Incorrect Sit Up or No Sit Up
2025-04-09 00:06:02,2,179.82377722075535,178.14309596107788,Incorrect Sit Up or No Sit Up
2025-04-09 00:06:02,2,179.85455511066482,178.09763106473693,Incorrect Sit Up or No Sit Up
2025-04-09 00:06:02,2,179.8219700486072,178.23349191217295,Incorrect Sit Up or No Sit Up
2025-04-09 00:06:02,2,179.84079527338426,178.3572447721869,Incorrect Sit Up or No Sit Up
2025-04-09 00:06:02,2,179.93908308749837,178.58867562784633,Incorrect Sit Up or No Sit Up
2025-04-09 00:06:02,2,179.97412336438762,178.727150675634,Incorrect Sit Up or No Sit Up
2025-04-09 00:06:02,2,179.89626578223508,178.87628018802482,Incorrect Sit Up or No Sit Up
2025-04-09 00:06:02,2,179.8383975753445,178.87617314599834,Incorrect Sit Up or No Sit Up
2025-04-09 00:06:02,2,179.82635884801462,178.91471891242932,Incorrect Sit Up or No Sit Up
2025-04-09 00:06:02,2,179.81666206891236,178.9368939693712,Incorrect Sit Up or No Sit Up
2025-04-09 00:06:02,2,179.8254381253422,178.92089957437528,Incorrect Sit Up or No Sit Up
2025-04-09 00:06:03,2,179.82578695120836,178.9220695660112,Incorrect Sit Up or No Sit Up
2025-04-09 00:06:03,2,179.79809123800285,178.99964543212081,Incorrect Sit Up or No Sit Up
2025-04-09 00:06:03,2,179.7582907344954,179.00184829239006,Incorrect Sit Up or No Sit Up
2025-04-09 00:06:03,2,179.7379568482418,178.9725178766912,Incorrect Sit Up or No Sit Up
2025-04-09 00:06:03,2,179.71382632640672,179.00461319006388,Incorrect Sit Up or No Sit Up
2025-04-09 00:06:03,2,179.69409126759274,178.96301583402433,Incorrect Sit Up or No Sit Up
2025-04-09 00:06:03,2,179.67782770954983,178.95986489687357,Incorrect Sit Up or No Sit Up
2025-04-09 00:06:03,2,179.67140674985382,178.8546005642168,Incorrect Sit Up or No Sit Up
2025-04-09 00:06:03,2,179.61528312329676,178.84225449442462,Incorrect Sit Up or No Sit Up
2025-04-09 00:06:03,2,179.60439669678385,178.88160696073368,Incorrect Sit Up or No Sit Up
2025-04-09 00:06:03,2,179.56775152465138,178.92677206941445,Incorrect Sit Up or No Sit Up
2025-04-09 00:06:03,2,179.55006293654148,178.92484548868023,Incorrect Sit Up or No Sit Up
2025-04-09 00:06:03,2,179.55004059755777,178.98919984934204,Incorrect Sit Up or No Sit Up
2025-04-09 00:06:03,2,179.5378244116952,178.95976743671739,Incorrect Sit Up or No Sit Up
2025-04-09 00:06:03,2,179.52939557435067,178.96772280890167,Incorrect Sit Up or No Sit Up
2025-04-09 00:06:03,2,179.55581137688225,178.9382343743529,Incorrect Sit Up or No Sit Up
2025-04-09 00:06:03,2,179.55050160157066,178.93166329000158,Incorrect Sit Up or No Sit Up
2025-04-09 00:06:03,2,179.54055685822178,178.93677669215953,Incorrect Sit Up or No Sit Up
2025-04-09 00:06:03,2,179.50375114559867,178.9205178364723,Incorrect Sit Up or No Sit Up
2025-04-09 00:06:04,2,179.48802614018012,178.92858617916107,Incorrect Sit Up or No Sit Up
2025-04-09 00:06:04,2,179.46990770735084,178.92030433405017,Incorrect Sit Up or No Sit Up
2025-04-09 00:06:04,2,179.40359152617233,178.9933463507621,Incorrect Sit Up or No Sit Up
2025-04-09 00:06:04,2,179.29228618465112,179.0105585994695,Incorrect Sit Up or No Sit Up
2025-04-09 00:06:04,2,179.28897265178736,178.98400730852313,Incorrect Sit Up or No Sit Up
2025-04-09 00:06:04,2,179.27978834723476,178.4589069835009,Incorrect Sit Up or No Sit Up
2025-04-09 00:06:04,2,179.30701380123836,178.3195740463997,Incorrect Sit Up or No Sit Up
2025-04-09 00:06:04,2,179.29747985905544,178.29412283711767,Incorrect Sit Up or No Sit Up
2025-04-09 00:06:04,2,179.25131500612554,178.4770638011215,Incorrect Sit Up or No Sit Up
2025-04-09 00:06:04,2,179.20226673464472,178.6322152334607,Incorrect Sit Up or No Sit Up
2025-04-09 00:06:04,2,179.1374455373455,178.60955428348592,Incorrect Sit Up or No Sit Up
2025-04-09 00:06:04,2,179.001611030448,178.75222227158798,Incorrect Sit Up or No Sit Up
2025-04-09 00:06:04,2,178.99781324458726,178.77954897586787,Incorrect Sit Up or No Sit Up
2025-04-09 00:06:04,2,178.92991374007963,178.96914518715474,Incorrect Sit Up or No Sit Up
2025-04-09 00:06:04,2,178.92825152497014,179.0488804010812,Incorrect Sit Up or No Sit Up
2025-04-09 00:06:04,2,178.98861351685298,179.04436354847797,Incorrect Sit Up or No Sit Up
2025-04-09 00:06:04,2,178.9990933983302,179.20289716610793,Incorrect Sit Up or No Sit Up
2025-04-09 00:06:04,2,179.00371855727755,179.1959179862008,Incorrect Sit Up or No Sit Up
2025-04-09 00:06:04,2,179.14037075284824,178.92724395840742,Incorrect Sit Up or No Sit Up
2025-04-09 00:06:04,2,179.23067865036245,178.67962358179741,Incorrect Sit Up or No Sit Up
2025-04-09 00:06:04,2,179.27166905270187,178.55515213319495,Incorrect Sit Up or No Sit Up
2025-04-09 00:06:04,2,179.26576049166135,178.68465076725062,Incorrect Sit Up or No Sit Up
2025-04-09 00:06:05,2,179.2699648228555,178.6591261068629,Incorrect Sit Up or No Sit Up
2025-04-09 00:06:05,2,179.24572204375326,178.80907583785148,Incorrect Sit Up or No Sit Up
2025-04-09 00:06:05,2,179.19109649356363,179.20878496685754,Incorrect Sit Up or No Sit Up
